customer_id,complaint_id,time_of_complaint,date_of_complaint,questions,response_text,Intent,,
10001,2001,10:30 AM,2022-01-01,Why is the product delayed?,We apologize for the delay. There was a high demand and we're working to fulfill orders as quickly as possible.,Product,,
10002,2002,10:35 AM,2022-01-02,Can you provide more details about product XYZ?,Certainly! Product XYZ is a high-quality electronic device with advanced features. Please let us know if you need specific information.,Product,,
10003,2003,10:40 AM,2022-01-03,The product arrived damaged. What should I do?,We're sorry to hear that. Please provide your order details and we'll arrange for a replacement to be sent to you immediately.,Product,,
10004,2004,10:45 AM,2022-01-04,How can I track my order?,You can track your order by logging into your account on our website and navigating to the 'Order History' section. There,Product,,
10005,2005,10:50 AM,2022-01-05,Is there a warranty on this product?,Yes our products come with a standard one-year warranty. If you encounter any issues please contact our customer service for further assistance.,Product,,
10006,2006,10:55 AM,2022-01-06,What are the payment options available?,We accept various payment methods including credit/debit cards PayPal  and other secure payment gateways. You can choose your preferred option during the checkout process.,Product,,
10007,2007,11:00 AM,2022-01-07,Is this product compatible with XYZ brand?,Yes our product is compatible with XYZ brand. However we recommend checking the product description or contacting our support for specific compatibility details.,Product,,
10008,2008,11:05 AM,2022-01-08,The product I received doesn't match the description.,We apologize for any inconvenience. Please provide more details about the discrepancy and we'll work to resolve the issue promptly.,Product,,
10009,2009,11:10 AM,2022-01-09,Can I cancel my order and get a refund?,Certainly! If your order hasn't been shipped yet we can assist you with canceling it and processing a refund. Please provide your order details for further assistance.,Product,,
10010,2010,11:15 AM,2022-01-10,How do I leave a product review?,You can leave a product review on our website by navigating to the product page and finding the 'Write a Review' section. Your feedback is valuable to us.,Product,,
10011,2011,11:20 AM,2022-01-11,The product is not working. What should I do?,We apologize for the inconvenience. Please contact our customer support and we'll guide you through the troubleshooting process or arrange for a replacement.,Product,,
10012,2012,11:25 AM,2022-01-12,Are there any upcoming discounts or promotions?,We periodically offer discounts and promotions. Please subscribe to our newsletter or check our website for the latest updates on upcoming sales and special offers.,Product,,
10013,2013,11:30 AM,2022-01-13,What is the return policy for your products?,Our return policy allows returns within 30 days of the purchase date. Please visit our website or contact customer support for detailed information on the return process.,Product,,
10014,2014,11:35 AM,2022-01-14,How can I change my shipping address?,If your order hasn't been shipped yet you can update your shipping address by logging into your account and editing the order details. Contact us if you need further assistance.,Product,,
10015,2015,11:40 AM,2022-01-15,Is the product in stock?,To check the availability of a product please visit our website or contact our customer service. We'll provide you with the most up-to-date information on stock status.,Product,,
10016,2016,11:45 AM,2022-01-16,What is the expected delivery time for my order?,Delivery times vary depending on your location and the shipping method chosen. You can check the estimated delivery time during the checkout process or contact us for more information.,Product,,
10017,2017,11:50 AM,2022-01-17,The product has a missing accessory.,We apologize for the oversight. Please provide your order details and we'll send you the missing accessory as soon as possible.,Product,,
10018,2018,11:55 AM,2022-01-18,Can I order products in bulk for a discount?,Yes we offer bulk discounts. Please contact our sales team or customer support for more information on bulk orders and pricing.,Product,,
10019,2019,12:00 PM,2022-01-19,What is the material used in the product construction?,The product is constructed using high-quality materials. For specific details please refer to the product description on our website or contact our support team.,Product,,
10020,2020,12:05 PM,2022-01-20,How can I get technical support for the product?,For technical support please contact our customer service and we'll connect you with our technical support team to assist you with any issues you may be experiencing.,Product,,
10021,2021,12:10 PM,2022-01-21,Can I change the color of the product after placing the order?,If your order hasn't been processed yet you may be able to change the color. Please contact our customer service with your order details for assistance.,Product,,
10022,2022,12:15 PM,2022-01-22,What is the lifespan of the product?,The lifespan of the product varies depending on usage. Please refer to the product documentation or contact our support team for information on the expected lifespan of the specific product.,Product,,
10023,2023,12:20 PM,2022-01-23,Are there any eco-friendly options for this product?,We offer eco-friendly options for some products. Please check the product description on our website or contact our support team for information on eco-friendly alternatives.,Product,,
10024,2024,12:25 PM,2022-01-24,Can I change the delivery address after placing the order?,If your order hasn't been shipped yet you can request a change in the delivery address. Please contact our customer service with your order details for assistance.,Product,,
10025,2025,12:30 PM,2022-01-25,The product specifications are unclear. Can you provide more details?,Certainly! Please provide the name or model number of the product and we'll provide you with detailed specifications and information.,Product,,
10026,2026,12:35 PM,2022-01-26,How can I return a defective product?,We apologize for the inconvenience. Please contact our customer service with your order details and we'll guide you through the process of returning the defective product for a replacement.,Product,,
10027,2027,12:40 PM,2022-01-27,Is the product compatible with international voltage?,Please check the product description or user manual for information on voltage compatibility. If you have specific concerns contact our support team for assistance.,Product,,
10028,2028,12:45 PM,2022-01-28,The product is not as described. What can I do?,We apologize for any discrepancies. Please provide more details and we'll work to resolve the issue whether through a replacement refund or other suitable solution.,Product,,
10029,2029,12:50 PM,2022-01-29,How can I apply a discount code to my order?,During the checkout process you'll find a field to enter your discount code. If you encounter any issues contact our customer service for assistance.,Product,,
10030,2030,12:55 PM,2022-01-30,What is the size and weight of the product?,For specific size and weight information please refer to the product description on our website. If you have further questions feel free to contact our support team.,Product,,
10031,2031,1:00 PM,2022-01-31,The product is out of stock. When will it be available again?,We apologize for the inconvenience. Please check our website for updates on product availability or contact our customer service for information on restocking dates.,Product,,
10032,2032,1:05 PM,2022-02-01,How can I extend the warranty on my product?,Warranty extension options are available for some products. Please contact our customer service for details on how to extend the warranty for your specific product.,Product,,
10033,2033,1:10 PM,2022-02-02,What is the return process for a defective product?,If you received a defective product please contact our customer service and we'll guide you through the return process to ensure you receive a replacement promptly.,Product,,
10034,2034,1:15 PM,2022-02-03,Can I change the delivery date of my order?,If your order hasn't been shipped yet you may be able to request a change in the delivery date. Please contact our customer service with your order details for assistance.,Product,,
10035,2035,1:20 PM,2022-02-04,Is the product eligible for international shipping?,Yes we offer international shipping for most products. Please check the product page or contact our customer service for information on international shipping options.,Product,,
10036,2036,1:25 PM,2022-02-05,How can I get a refund for a returned product?,Once we receive the returned product we'll process the refund. Please contact our customer service with your return tracking information for updates on the refund process.,Product,,
10037,2037,1:30 PM,2022-02-06,Can I purchase an extended warranty for my product?,Extended warranty options may be available for certain products. Please contact our customer service for details on how to purchase an extended warranty for your specific product.,Product,,
10038,2038,1:35 PM,2022-02-07,The product is not compatible with my device. Can I return it?,We apologize for any inconvenience. Please contact our customer service with your order details and we'll assist you in processing a return for the incompatible product.,Product,,
10039,2039,1:40 PM,2022-02-08,What is the expected lifespan of the product battery?,Battery lifespan varies by product. Please check the product documentation or contact our support team for information on the expected lifespan of the specific product's battery.,Product,,
10040,2040,1:45 PM,2022-02-09,How can I check the status of my warranty claim?,For updates on your warranty claim status please contact our customer service with your warranty claim details. We'll provide you with the latest information on the processing of your claim.,Product,,
10041,2041,2:00 PM,2022-02-10,Great product! Very satisfied.,Thank you for your positive feedback! We're thrilled to hear that you are satisfied with our product. If you have any more questions or need assistance feel free to reach out.,Positive Feedback,,
10042,2042,2:05 PM,2022-02-11,Impressed with the fast delivery.,We're glad to hear that you received your order quickly! Our team works hard to ensure timely deliveries. If you have any other comments or questions we're here to help.,Positive Feedback,,
10043,2043,2:10 PM,2022-02-12,Excellent customer service. Quick response!,Thank you for your kind words! We strive to provide excellent customer service. If you ever need assistance in the future don't hesitate to reach out. We appreciate your feedback.,Positive Feedback,,
10044,2044,2:15 PM,2022-02-13,The product exceeded my expectations!,We're thrilled to hear that the product exceeded your expectations! If you have any specific features or aspects you'd like to highlight we'd love to hear more. Thank you for your positive feedback.,Positive Feedback,,
10045,2045,2:20 PM,2022-02-14,The website is user-friendly. Easy to navigate.,We're glad you find our website user-friendly! We aim to provide a seamless shopping experience. If you have any suggestions for improvement or other feed feel free to share.back,Positive Feedback,,
10046,2046,2:25 PM,2022-02-15,The packaging was excellent. Product arrived in perfect condition.,We take pride in our packaging to ensure products arrive in perfect condition. Thank you for noticing! If you have any other feedback or questions we're here to assist.,Positive Feedback,,
10047,2047,2:30 PM,2022-02-16,High-quality product. Well worth the price.,We're delighted to hear that you find our product to be of high quality and worth the price. If there's anything else you'd like to share or inquire about feel free to let us know.,Positive Feedback,,
10048,2048,2:35 PM,2022-02-17,Efficient and hassle-free return process.,We're glad to hear that the return process was efficient and hassle-free for you. If you ever have any further returns or questions our customer service team is here to assist.,Positive Feedback,,
10049,2049,2:40 PM,2022-02-18,The product works perfectly. Thank you!,You're welcome! We're pleased to hear that the product is working perfectly for you. If you ever need assistance or have more feedback to share don't hesitate to reach out.,Positive Feedback,,
10050,2050,2:45 PM,2022-02-19,Prompt resolution to my issue. Thank you, customer service!We're glad we could promptly resolve your issue. Thank you for recognizing our customer service team's efforts. If you have more feedback or questions feel free to contact us.,Positive Feedback,,
10051,2051,2:50 PM,2022-02-20,Love the product! Will definitely shop here again.,We're thrilled to hear that you love the product! We look forward to serving you again in the future. If you have any other comments or questions we're here to help.,Positive Feedback,,
10052,2052,2:55 PM,2022-02-21,The product was a gift, and the recipient loved it!We're delighted to hear that the product made for a great gift and the recipient loved it! If you ever need more gift ideas or have other feedback feel free to reach out.,Positive Feedback,,
10053,2053,3:00 PM,2022-02-22,Quick and easy checkout process.,We're glad you found the checkout process quick and easy. If you have any suggestions for improvement or other feedback we appreciate hearing from our customers.,Positive Feedback,,
10054,2054,3:05 PM,2022-02-23,Responsive customer support. Thank you!,Thank you for recognizing our customer support team's responsiveness. If you ever need assistance or have more positive experiences to share we're here to help.,Positive Feedback,,
10055,2055,3:10 PM,2022-02-24,The product was exactly as described. Very satisfied.,We're pleased to hear that the product met your expectations. If you have any more comments or specific features you'd like to highlight feel free to let us know.,Positive Feedback,,
10056,2056,3:15 PM,2022-02-25,Great value for money. Will recommend to friends.,We appreciate your recommendation! If you ever have more feedback or questions or if your friends have inquiries we're here to assist. Thank you for your positive feedback.,Positive Feedback,,
10057,2057,3:20 PM,2022-02-26,Impressed with the product's durability.,We're glad to hear that you're impressed with the durability of our product. If there's anything else you'd like to share or inquire about feel free to let us know. Thank you for your feedback.,Positive Feedback,,
10058,2058,3:25 PM,2022-02-27,User manual was very helpful. Clear instructions.,We're pleased to hear that the user manual was helpful and that the instructions were clear. If you have any other feedback or questions we're here to assist.,Positive Feedback,,
10059,2059,3:30 PM,2022-02-28,Smooth and seamless shopping experience.,We aim to provide a smooth and seamless shopping experience. If there are any specific aspects you appreciated or if you have other feedback we'd love to hear more. Thank you!,Positive Feedback,,
10060,2060,3:35 PM,2022-03-01,The product is exactly what I needed. Thank you!,You're welcome! We're glad to hear that the product meets your needs. If you have any other comments or questions don't hesitate to reach out. Thank you for your positive feedback.,Positive Feedback,,
10061,2061,3:40 PM,2022-03-02,The product arrived earlier than expected.,We're delighted to hear that your order arrived earlier than expected. If you have any other comments or questions or if there's anything else we can assist you with feel free to reach out.,Positive Feedback,,
10062,2062,3:45 PM,2022-03-03,Love the new feature on the product. Great job!,We appreciate your positive feedback on the new product feature. If you have more features you'd like to see or other feedback we value your input. Thank you!,Positive Feedback,,
10063,2063,3:50 PM,2022-03-04,The customer service agent was very helpful.,We're glad to hear that our customer service agent was helpful. If you have more feedback or specific aspects you appreciated we're here to assist. Thank you!,Positive Feedback,,
10064,2064,3:55 PM,2022-03-05,The product was well-packaged. Arrived in perfect condition.,We take pride in our packaging to ensure products arrive in perfect condition. If you have any other feedback or questions we're here to assist. Thank you for your positive feedback.,Positive Feedback,,
10065,2065,4:00 PM,2022-03-06,Quick and easy setup for the product.,We're pleased to hear that the product setup was quick and easy for you. If you have any other feedback suggestions or questions we're here to assist. Thank you for your positive feedback.,Positive Feedback,,
10066,2066,4:05 PM,2022-03-07,The product quality is outstanding. Very impressed.,We're thrilled to hear that you find the product quality outstanding. If you have any specific features or aspects you'd like to highlight we'd love to hear more. Thank you for your positive feedback.,Positive Feedback,,
10067,2067,4:10 PM,2022-03-08,Excellent value for the price. Highly recommend.,We appreciate your recommendation! If you ever have more feedback or questions or if your friends have inquiries we're here to assist. Thank you for your positive feedback.,Positive Feedback,,
10068,2068,4:15 PM,2022-03-09,The product met all my expectations.,We're pleased to hear that the product met all your expectations. If you have any more comments or specific features you'd like to highlight feel free to let us know. Thank you for your positive feedback.,Positive Feedback,,
10069,2069,4:20 PM,2022-03-10,Responsive and friendly customer service.,Thank you for recognizing our customer service team's responsiveness and friendliness. If you ever need assistance or have more positive experiences to share we're here to help.,Positive Feedback,,
10070,2070,4:25 PM,2022-03-11,The product is a great addition to my setup.,We're glad to hear that the product is a great addition to your setup. If there's anything else you'd like to share or inquire about feel free to let us know. Thank you for your feedback.,Positive Feedback,,
10071,2071,4:30 PM,2022-03-12,Efficient and straightforward ordering process.,We aim to provide an efficient and straightforward ordering process. If there are any specific aspects you appreciated or if you have other feedback we'd love to hear more. Thank you!,Positive Feedback,,
10072,2072,4:35 PM,2022-03-13,The product is a game-changer. Well done!,We're thrilled to hear that you find the product to be a game-changer. If you have any specific features or aspects you'd like to highlight we'd love to hear more. Thank you for your positive feedback.,Positive Feedback,,
10073,2073,4:40 PM,2022-03-14,Love the design of the product. Very sleek.,We're pleased to hear that you love the design of the product. If there's anything else you'd like to share or inquire about feel free to let us know. Thank you for your positive feedback.,Positive Feedback,,
10074,2074,4:45 PM,2022-03-15,The product arrived earlier than expected.,We're delighted to hear that your order arrived earlier than expected. If you have any other comments or questions or if there's anything else we can assist you with feel free to reach out.,Positive Feedback,,
10075,2075,4:50 PM,2022-03-16,Responsive and helpful customer support.,Thank you for recognizing our customer support team's responsiveness and helpfulness. If you ever need assistance or have more positive experiences to share we're here to help.,Positive Feedback,,
10076,2076,4:55 PM,2022-03-17,The product was easy to assemble. No issues.,We're pleased to hear that the product was easy to assemble for you. If you have any other feedback suggestions or questions we're here to assist. Thank you for your positive feedback.,Positive Feedback,,
10077,2077,5:00 PM,2022-03-18,The product is exactly what I needed. Thank you!,You're welcome! We're glad to hear that the product meets your needs. If you have any other comments or questions don't hesitate to reach out. Thank you for your positive feedback.,Positive Feedback,,
10078,2078,5:05 PM,2022-03-19,The customer service agent went above and beyond.,We're glad to hear that our customer service agent went above and beyond to assist you. If you have more feedback or specific aspects you appreciated we're here to help. Thank you!,Positive Feedback,,
10079,2079,5:10 PM,2022-03-20,The product arrived in perfect condition.,We take pride in our packaging to ensure products arrive in perfect condition. If you have any other feedback or questions we're here to assist. Thank you for your positive feedback.,Positive Feedback,,
10080,2080,5:15 PM,2022-03-21,Great customer service. Quick resolution to my issue.,We're glad we could provide quick resolution to your issue. Thank you for recognizing our customer service team's efforts. If you have more feedback or questions feel free to contact us.,Positive Feedback,,
10081,2081,5:30 PM,2022-03-22,Received the wrong product. Very disappointed.,We sincerely apologize for the mix-up. Please provide your order details and we'll expedite the process to send you the correct product. We understand your disappointment.,Negative Feedback,,
10082,2082,5:35 PM,2022-03-23,Product was damaged upon arrival. Not happy.,We're sorry to hear about the damage. Please share your order details and photos of the damaged product and we'll arrange for a replacement to be sent to you right away. We apologize for any inconvenience.,Negative Feedback,,
10083,2083,5:40 PM,2022-03-24,The product did not meet my expectations.,We apologize if the product fell short of your expectations. Please provide more details about your concerns and we'll do our best to address them or find a suitable solution. Thank you for your feedback.,Negative Feedback,,
10084,2084,5:45 PM,2022-03-25,The website checkout process was confusing.,We're sorry to hear about the confusion. Your feedback is valuable. Please share specific details about the issues you encountered during checkout and we'll work to improve the process. Thank you.,Negative Feedback,,
10085,2085,5:50 PM,2022-03-26,Delayed delivery without prior notice. Unacceptable.,We apologize for the delay and any inconvenience caused. Please provide your order details and we'll investigate the issue to prevent such delays in the future. Thank you for bringing it to our attention.,Negative Feedback,,
10086,2086,5:55 PM,2022-03-27,The product is not as described. Disappointed.,We're sorry for any discrepancies. Please provide more details about the differences and we'll work to resolve the issue whether through a replacement refund or other suitable solution. Thank you for your feedback.,Negative Feedback,,
10087,2087,6:00 PM,2022-03-28,Poor customer service experience.,We apologize for the poor experience. Please share more details about your interaction with our customer service team so that we can address the issues and provide better assistance in the future. Thank you for bringing it to our attention.,Negative Feedback,,
10088,2088,6:05 PM,2022-03-29,The product stopped working after a short period.,We apologize for the inconvenience. Please provide your order details and we'll guide you through the troubleshooting process or arrange for a replacement. Thank you for your patience.,Negative Feedback,,
10089,2089,6:10 PM,2022-03-30,Unable to reach customer service for assistance.,We're sorry for any difficulty reaching us. Please provide more details about your attempts to contact us and we'll investigate the issue. We appreciate your patience and understanding.,Negative Feedback,,
10090,2090,6:15 PM,2022-03-31,Missing accessories in the product package.,We apologize for the oversight. Please provide your order details and we'll send you the missing accessories as soon as possible. We appreciate your understanding and cooperation.,Negative Feedback,,
10091,2091,6:20 PM,2022-04-01,The product is not compatible with my device.,We apologize for any compatibility issues. Please provide more details and we'll work to find a solution or provide guidance on compatibility. Thank you for bringing it to our attention.,Negative Feedback,,
10092,2092,6:25 PM,2022-04-02,Unresponsive website during peak hours.,We apologize for the inconvenience. Your feedback is crucial. Please share specific details about the unresponsive behavior and we'll work to optimize our website for better performance. Thank you.,Negative Feedback,,
10093,2093,6:30 PM,2022-04-03,Difficulty navigating the product manual.,We apologize for any confusion. Your feedback is valuable. Please provide details about the challenges you faced and we'll work on improving the clarity of the product manual. Thank you for bringing it to our attention.,Negative Feedback,,
10094,2094,6:35 PM,2022-04-04,Received a damaged product despite good packaging.,We're sorry for the inconvenience. Please provide your order details and photos of the damaged product and packaging and we'll arrange for a replacement. Thank you for your understanding.,Negative Feedback,,
10095,2095,6:40 PM,2022-04-05,Issues with the product warranty registration.,We apologize for the inconvenience. Please share specific details about the issues you encountered during the warranty registration process and we'll assist you in completing the registration. Thank you.,Negative Feedback,,
10096,2096,6:45 PM,2022-04-06,The product price increased after placing the order.,We apologize for any confusion. Please provide your order details and we'll investigate the issue. If there was an error we'll work to address it and provide a suitable resolution. Thank you for bringing it to our attention.,Negative Feedback,,
10097,2097,6:50 PM,2022-04-07,Difficulty canceling an order before shipment.,We apologize for the difficulty. Please provide your order details and we'll assist you in canceling the order if it hasn't been shipped yet. Thank you for your patience and understanding.,Negative Feedback,,
10098,2098,6:55 PM,2022-04-08,Received a defective product out of the box.,We apologize for the inconvenience. Please provide your order details and we'll arrange for a replacement or refund. Thank you for your understanding and cooperation.,Negative Feedback,,
10099,2099,7:00 PM,2022-04-09,Product specifications were unclear.,We apologize for any confusion. Your feedback is crucial. Please provide details about the unclear specifications and we'll work to improve the clarity in our product information. Thank you for bringing it to our attention.,Negative Feedback,,
10100,2100,7:05 PM,2022-04-10,The product did not arrive at all.,We apologize for the inconvenience. Please provide your order details and we'll investigate the issue and arrange for a prompt solution whether through a replacement or refund. Thank you for your patience.,Negative Feedback,,
10101,2101,8:00 AM,2022-04-11,Received the wrong product. Very disappointed.,We sincerely apologize for the mix-up. Please provide your order details and we'll expedite the process to send you the correct product. We understand your disappointment.,Negative Feedback,,
10102,2102,8:05 AM,2022-04-12,Product was damaged upon arrival. Not happy.,We're sorry to hear about the damage. Please share your order details and photos of the damaged product and we'll arrange for a replacement to be sent to you right away. We apologize for any inconvenience.,Negative Feedback,,
10103,2103,8:10 AM,2022-04-13,The product did not meet my expectations.,We apologize if the product fell short of your expectations. Please provide more details about your concerns and we'll do our best to address them or find a suitable solution. Thank you for your feedback.,Negative Feedback,,
10104,2104,8:15 AM,2022-04-14,The website checkout process was confusing.,We're sorry to hear about the confusion. Your feedback is valuable. Please share specific details about the issues you encountered during checkout and we'll work to improve the process. Thank you.,Negative Feedback,,
10105,2105,8:20 AM,2022-04-15,Delayed delivery without prior notice. Unacceptable.,We apologize for the delay and any inconvenience caused. Please provide your order details and we'll investigate the issue to prevent such delays in the future. Thank you for bringing it to our attention. Refund,Negative Feedback,,
10106,2106,8:25 AM,2022-04-16,The product is not as described. Disappointed.,We're sorry for any discrepancies. Please provide more details about the differences and we'll work to resolve the issue whether through a replacement,Negative Feedback,,
10107,2107,8:30 AM,2022-04-17,Poor customer service experience.,We apologize for the poor experience. Please share more details about your interaction with our customer service team so that we can address the issues and provide better assistance in the future. Thank you for bringing it to our attention.,Negative Feedback,,
10108,2108,8:35 AM,2022-04-18,The product stopped working after a short period.,We apologize for the inconvenience. Please provide your order details and we'll guide you through the troubleshooting process or arrange for a replacement. Thank you for your patience.,Negative Feedback,,
10109,2109,8:40 AM,2022-04-19,Unable to reach customer service for assistance.,We're sorry for any difficulty reaching us. Please provide more details about your attempts to contact us and we'll investigate the issue. We appreciate your patience and understanding.,Negative Feedback,,
10110,2110,8:45 AM,2022-04-20,Missing accessories in the product package.,We apologize for the oversight. Please provide your order details and we'll send you the missing accessories as soon as possible. We appreciate your understanding and cooperation.,Negative Feedback,,
10111,2111,8:50 AM,2022-04-21,The product is not compatible with my device.,We apologize for any compatibility issues. Please provide more details and we'll work to find a solution or provide guidance on compatibility. Thank you for bringing it to our attention.,Negative Feedback,,
10112,2112,8:55 AM,2022-04-22,Unresponsive website during peak hours.,We apologize for the inconvenience. Your feedback is crucial. Please share specific details about the unresponsive behavior and we'll work to optimize our website for better performance. Thank you.,Negative Feedback,,
10113,2113,9:00 AM,2022-04-23,Difficulty navigating the product manual.,We apologize for any confusion. Your feedback is valuable. Please provide details about the challenges you faced and we'll work on improving the clarity of the product manual. Thank you for bringing it to our attention.,Negative Feedback,,
10114,2114,9:05 AM,2022-04-24,Received a damaged product despite good packaging.,We're sorry for the inconvenience. Please provide your order details and photos of the damaged product and packaging and we'll arrange for a replacement. Thank you for your understanding.,Negative Feedback,,
10115,2115,9:10 AM,2022-04-25,Issues with the product warranty registration.,We apologize for the inconvenience. Please share specific details about the issues you encountered during the warranty registration process and we'll assist you in completing the registration. Thank you.,Negative Feedback,,
10116,2116,9:15 AM,2022-04-26,The product price increased after placing the order.,We apologize for any confusion. Please provide your order details and we'll investigate the issue. If there was an error we'll work to address it and provide a suitable resolution. Thank you for bringing it to our attention.,Negative Feedback,,
10117,2117,9:20 AM,2022-04-27,Difficulty canceling an order before shipment.,We apologize for the difficulty. Please provide your order details and we'll assist you in canceling the order if it hasn't been shipped yet. Thank you for your patience and understanding.,Negative Feedback,,
10118,2118,9:25 AM,2022-04-28,Received a defective product out of the box.,We apologize for the inconvenience. Please provide your order details and we'll arrange for a replacement or refund. Thank you for your understanding and cooperation.,Negative Feedback,,
10119,2119,9:30 AM,2022-04-29,Product specifications were unclear.,We apologize for any confusion. Your feedback is crucial. Please provide details about the unclear specifications and we'll work to improve the clarity in our product information. Thank you for bringing it to our attention.,Negative Feedback,,
10120,2120,9:35 AM,2022-04-30,The product did not arrive at all.,We apologize for the inconvenience. Please provide your order details and we'll investigate the issue and arrange for a prompt solution whether through a replacement or refund. Thank you for your patience.,Negative Feedback,,
10121,2121,10:00 AM,2022-05-01,Can you provide more details about Product A?,Certainly! I'd be happy to help. Could you please specify which details you're looking for? For example are you interested in the product specifications pricing or something else?,Product Inquiry,,
10122,2122,10:05 AM,2022-05-02,What are the features of Product B?,Great question! Product B comes with a variety of features including [list of features]. Is there anything specific you would like to know more about or any particular feature you're interested in?,Product Inquiry,,
10123,2123,10:10 AM,2022-05-03,Can you recommend a product similar to Product C?,Certainly! If you enjoyed Product C you might also like Product D. It shares similar features and specifications. Would you like more information about Product D or perhaps explore other alternatives?Product Recommendation,Product Inquiry,,
10124,2124,10:15 AM,2022-05-04,What are the available color options for Product E?,Product E is available in several colors including [list of colors]. If you have a specific color in mind or if you'd like to see images of each option please let me know and I'll assist you further.,Product Inquiry,,
10125,2125,10:20 AM,2022-05-05,How do I assemble Product F? Any instructions?,Certainly! We have detailed assembly instructions for Product F. You can find them in the user manual provided with the product. If you have any specific questions during assembly feel free to ask.,Product Inquiry,,
10126,2126,10:25 AM,2022-05-06,What's the warranty period for Product G?,Product G comes with a standard warranty period of [X] years. Additionally you have the option to purchase an extended warranty for added coverage. Would you like more details about the warranty options?,Product Inquiry,,
10127,2127,10:30 AM,2022-05-07,Is Product H compatible with [specific device]?,Product H is compatible with [list of compatible devices] including [specific device]. If you have any concerns or need further clarification please let me know and I'll provide more information.,Product Inquiry,,
10128,2128,10:35 AM,2022-05-08,Can I return Product I if it doesn't meet my expectations?,Absolutely! We have a hassle-free return policy. If Product I doesn't meet your expectations you can initiate a return within [X] days of purchase. Do you need assistance with the return process or have specific concerns?,Product Inquiry,,
10129,2129,10:40 AM,2022-05-09,Tell me about the dimensions of Product J.,Product J has dimensions of [length x width x height]. If you need more specific measurements or have other questions about the product feel free to let me know and I'll provide the information you're looking for.,Product Inquiry,,
10130,2130,10:45 AM,2022-05-10,How can I track the delivery status of my order for Product K?,To track the delivery status of your order for Product K you can use the order tracking feature on our website. Alternatively you can provide me with your order number and I'll check it for you.,Product Inquiry,,
10131,2131,10:50 AM,2022-05-11,What are the recommended accessories for Product L?,For Product L we recommend [list of recommended accessories] to enhance your overall experience. If you have specific preferences or need more information feel free to let me know and I'll assist you further.,Product Inquiry,,
10132,2132,10:55 AM,2022-05-12,Can you provide a discount on Product M?,I appreciate your interest in Product M! While I can't provide a direct discount I can check if there are any ongoing promotions or bundles that may offer you a better deal. Would you like me to check for available offers?,Product Inquiry,,
10133,2133,11:00 AM,2022-05-13,Tell me about the return process for Product N.,The return process for Product N is straightforward. You can initiate a return through your account on our website and our customer service team will guide you through the necessary steps. If you have specific questions feel free to ask.,Product Inquiry,,
10134,2134,11:05 AM,2022-05-14,What is the expected delivery time for Product O?,The expected delivery time for Product O varies based on your location and the selected shipping method. If you provide me with your shipping address I can provide a more accurate estimate. Would you like to proceed with that?,Product Inquiry,,
10135,2135,11:10 AM,2022-05-15,How can I contact customer support regarding Product P?,You can contact our customer support team by [phone/email/live chat] and they will be happy to assist you with any questions or concerns regarding Product P. Is there anything specific you would like assistance with?,Product Inquiry,,
10136,2136,11:15 AM,2022-05-16,Tell me about the material used in Product Q.,Product Q is made from [material] known for its durability and [specific features]. If you have any concerns about allergies or need more information about the material please let me know.,Product Inquiry,,
10137,2137,11:20 AM,2022-05-17,What is the power consumption of Product R?,The power consumption of Product R is [X] watts. If you have specific requirements or need more details about power usage feel free to provide additional information and I'll assist you accordingly.,Product Inquiry,,
10138,2138,11:25 AM,2022-05-18,How can I customize the settings on Product S?,Product S comes with a user-friendly interface for customization. You can adjust settings through the [menu/interface] on the product. If you need step-by-step guidance I can provide instructions based on the specific settings you want to customize.,Product Inquiry,,
10139,2139,11:30 AM,2022-05-19,Is there a user manual available for Product T?,Certainly! A user manual for Product T is included in the packaging. If you need a digital copy or have specific questions about the content please let me know and I'll assist you further.,Product Inquiry,,
10140,2140,11:35 AM,2022-05-20,Can I purchase Product U in bulk for a business?,Certainly! We offer bulk purchasing options for businesses. To discuss your specific requirements please contact our business sales team at [contact details] and they will provide you with personalized assistance.,Product Inquiry,,
11401,2401,8:00 AM,2022-06-01,Hello! Can you help me with a product inquiry?,Hello! Absolutely I'd be delighted to assist you with any product inquiries you have. Feel free to let me know what you're looking for and I'll provide the information you need.,Greetings,,
11402,2402,8:05 AM,2022-06-02,Hi there! How can I track my recent order?,Hi there! Certainly I can help you with that. Please provide me with your order number and I'll check the current status and estimated delivery time for you.,Greetings,,Greetings
11403,2403,8:10 AM,2022-06-03,Good morning! I need some information about your return policy.,Good morning! Of course I'd be happy to provide information about our return policy. What specific details are you looking for or do you have a particular concern?,Greetings,,Greetings
11404,2404,8:15 AM,2022-06-04,Hey! Can you recommend a similar product to the one I recently purchased?,Hey! Absolutely I can help with that. If you tell me the product you purchased I'll suggest similar items or alternatives that you might find interesting.,Greetings,,Greetings
11405,2405,8:20 AM,2022-06-05,Hello! What's the best way to contact customer support?,Hello! Great question. You can contact our customer support team via [phone/email/live chat]. Is there a specific inquiry or concern you'd like assistance with?,Greetings,,
11406,2406,8:25 AM,2022-06-06,Hi! I'm having trouble assembling the product I received. Can you guide me?,Hi! I'm here to help. I'd be happy to guide you through the assembly process. Could you please specify the product you're assembling and let me know where you're facing difficulties?,Greetings,Greetings,
11407,2407,8:30 AM,2022-06-07,Good day! I'm interested in learning more about your warranty options.,Good day! Certainly I can provide details about our warranty options. What product are you inquiring about and do you have specific questions regarding the warranty?,Greetings,,Greetings
11408,2408,8:35 AM,2022-06-08,Hello! Can you tell me the expected delivery time for my recent order?,Hello! Absolutely I can help with that. Please provide me with your order number and I'll check the expected delivery time for your recent order.,Greetings,,Greetings
11409,2409,8:40 AM,2022-06-09,Hi there! I'm looking for a specific feature in your products. Can you help me find the right one?,Hi there! Certainly I'm here to help. Please let me know the specific feature you're looking for and I'll guide you to the products that meet your requirements.,Greetings,,Greetings
11410,2410,8:45 AM,2022-06-10,Good morning! What are the color options for Product X?,Good morning! I can provide information about the color options for Product X. Is there a specific color you have in mind or would you like a list of available colors?,Greetings,Greetings,
11411,2411,8:50 AM,2022-06-11,Hey! How can I customize the settings on Product Y?,Hey! I'm here to assist. To customize the settings on Product Y please let me know which specific settings you'd like to customize and I'll provide you with step-by-step guidance.,Greetings,,Greetings
11412,2412,8:55 AM,2022-06-12,Hello! I have a general inquiry about your products. Where can I find more information?,Hello! Great to have you here. You can find detailed information about our products on our website. If you have specific questions feel free to ask and I'll provide the details you need.,Greetings,,Greetings
11413,2413,9:00 AM,2022-06-13,Hi! What's the process for returning a product?,Hi! I'm here to assist with that. The return process is straightforward. Could you please provide more details about the product you want to return and I'll guide you through the necessary steps?,Greetings,Greetings,
11414,2414,9:05 AM,2022-06-14,Good day! Can you recommend accessories for Product Z?,Good day! Certainly I can recommend accessories for Product Z. What specific type of accessories are you looking for or do you have a particular use case in mind?,Greetings,,Greetings
11415,2415,9:10 AM,2022-06-15,Hello! I'm interested in purchasing multiple products for my business. Do you offer bulk discounts?,Hello! Absolutely we offer bulk purchasing options for businesses. To discuss your specific needs and potential discounts please contact our business sales team at [contact details].,Greetings,,Greetings
11416,2416,9:15 AM,2022-06-16,Hi there! How can I update my account information?,Hi there! I can guide you through updating your account information. Please specify the details you'd like to change and I'll provide step-by-step instructions.,Greetings,Greetings,
11417,2417,9:20 AM,2022-06-17,Hey! Is there a user manual available for Product W?,Hey! Absolutely there is a user manual for Product W included in the packaging. If you need a digital copy or have specific questions about the content feel free to let me know.,Greetings,,Greetings
11418,2418,9:25 AM,2022-06-18,Good morning! I have a question about the material used in Product V.,Good morning! I'd be happy to provide information about the material used in Product V. What specific details or concerns do you have regarding the material?,Greetings,,
11419,2419,9:30 AM,2022-06-19,Hello! I'm wondering about the power consumption of Product U.,Hello! I can certainly provide information about the power consumption of Product U. Please let me know if you have specific requirements or if you need additional details.,Greetings,,
11420,2420,9:35 AM,2022-06-20,Hi! I'm interested in your products. Can you share any ongoing promotions or discounts?,Hi! Absolutely I'd be happy to check for ongoing promotions or discounts for you. May I know which specific product or category you're interested in?,Greetings,Greetings,
